state,Mean_State_Temp_diff
QLD,7.147643737757806
NSW,8.962219609160648
SA,10.127805437910187
VIC,11.515770718352092
WA,12.022787675952358
ACT,13.94416850047155
NT,14.219381181381
